{
  "HTTP 요청 (사용자 조회)" : {
    "transaction" : "HTTP 요청 (사용자 조회)",
    "sampleCount" : 1000,
    "errorCount" : 0,
    "errorPct" : 0.0,
    "meanResTime" : 1400.299999999999,
    "medianResTime" : 1475.0,
    "minResTime" : 6.0,
    "maxResTime" : 2797.0,
    "pct1ResTime" : 1876.9,
    "pct2ResTime" : 2010.0,
    "pct3ResTime" : 2295.87,
    "throughput" : 206.69698222405952,
    "receivedKBytesPerSec" : 114.81149396703184,
    "sentKBytesPerSec" : 80.33730363786688
  },
  "HTTP 요청 (사용자 로그인)" : {
    "transaction" : "HTTP 요청 (사용자 로그인)",
    "sampleCount" : 1000,
    "errorCount" : 0,
    "errorPct" : 0.0,
    "meanResTime" : 1347.028,
    "medianResTime" : 1414.5,
    "minResTime" : 502.0,
    "maxResTime" : 2374.0,
    "pct1ResTime" : 1769.0,
    "pct2ResTime" : 1866.6499999999996,
    "pct3ResTime" : 2041.0,
    "throughput" : 313.8731952291274,
    "receivedKBytesPerSec" : 199.2359149403641,
    "sentKBytesPerSec" : 74.79009730069052
  },
  "총계" : {
    "transaction" : "총계",
    "sampleCount" : 3000,
    "errorCount" : 0,
    "errorPct" : 0.0,
    "meanResTime" : 1502.1239999999982,
    "medianResTime" : 1514.0,
    "minResTime" : 6.0,
    "maxResTime" : 3555.0,
    "pct1ResTime" : 2045.9,
    "pct2ResTime" : 2289.8999999999996,
    "pct3ResTime" : 2681.7399999999943,
    "throughput" : 452.62522631261317,
    "receivedKBytesPerSec" : 241.0154187254828,
    "sentKBytesPerSec" : 160.1456415962583
  },
  "HTTP 요청 (수강 신청)" : {
    "transaction" : "HTTP 요청 (수강 신청)",
    "sampleCount" : 1000,
    "errorCount" : 0,
    "errorPct" : 0.0,
    "meanResTime" : 1759.0439999999987,
    "medianResTime" : 1742.0,
    "minResTime" : 181.0,
    "maxResTime" : 3555.0,
    "pct1ResTime" : 2323.8,
    "pct2ResTime" : 2518.7999999999997,
    "pct3ResTime" : 2869.1900000000005,
    "throughput" : 200.44097013429547,
    "receivedKBytesPerSec" : 81.6248872519543,
    "sentKBytesPerSec" : 87.09003557827221
  }
}